Date,BTC-USD,ETH-USD,XRP-USD,SOL-USD,LUNA1-USD,ADA-USD,AVAX-USD,DOT-USD,DOGE-USD,MATIC-USD
2021-10-31,61318.95703125,4288.07421875,1.113247036933899,202.4210205078125,42.889774322509766,1.9650260210037231,64.28780364990234,42.742095947265625,0.28024399280548096,1.9350030422210693
2021-11-01,61004.40625,4324.626953125,1.0928670167922974,203.5450897216797,44.05930709838867,1.9500019550323486,65.07251739501953,49.98225402832031,0.2717280089855194,1.9038970470428467
2021-11-02,63226.40234375,4584.798828125,1.1361960172653198,220.23959350585938,44.755489349365234,1.9713770151138306,67.58455657958984,51.631351470947266,0.2731209993362427,1.9375050067901611
2021-11-03,62970.046875,4607.19384765625,1.2087960243225098,242.89881896972656,48.061790466308594,2.0637009143829346,75.430419921875,53.443702697753906,0.2694070041179657,2.0345981121063232
2021-11-04,61452.23046875,4537.32421875,1.202003002166748,247.3877716064453,51.922386169433594,1.9848819971084595,79.29322052001953,53.88173294067383,0.2632800042629242,1.9170409440994263
2021-11-05,61125.67578125,4486.2431640625,1.161532998085022,236.47433471679688,49.97332000732422,1.9862060546875,74.36473846435547,51.89467239379883,0.26146501302719116,1.9014639854431152
2021-11-06,61527.48046875,4521.5810546875,1.1524540185928345,258.934326171875,51.179832458496094,2.0066089630126953,78.6852035522461,52.00921630859375,0.261898010969162,1.8848860263824463
2021-11-07,63326.98828125,4620.5546875,1.2175339460372925,249.823486328125,50.61323165893555,2.021872043609619,87.7054214477539,52.27798080444336,0.2663150131702423,1.884112000465393
2021-11-08,67566.828125,4812.08740234375,1.282377004623413,248.46717834472656,54.15776062011719,2.1244189739227295,91.18478393554688,53.34845733642578,0.2823590040206909,1.8940470218658447
2021-11-09,66971.828125,4735.06884765625,1.258929967880249,239.213134765625,50.23533630371094,2.2734830379486084,88.45486450195312,50.779361724853516,0.27352601289749146,1.77646803855896
2021-11-10,64995.23046875,4636.17431640625,1.1933729648590088,233.77952575683594,48.788299560546875,2.101802110671997,85.29527282714844,46.87133026123047,0.2557089924812317,1.7056560516357422
2021-11-11,64949.9609375,4730.38427734375,1.2183640003204346,234.24075317382812,50.59540557861328,2.085524082183838,88.06133270263672,47.64762496948242,0.2611669898033142,1.7595410346984863
2021-11-12,64155.94140625,4667.115234375,1.1893550157546997,228.50209045410156,49.55778884887695,2.0457661151885986,84.72491455078125,45.88080596923828,0.2594139873981476,1.7157000303268433
2021-11-13,64469.52734375,4651.46044921875,1.191938042640686,241.8250274658203,52.17427062988281,2.0531039237976074,97.26046752929688,47.12905502319336,0.26170599460601807,1.754876971244812
2021-11-14,65466.83984375,4626.35888671875,1.1885969638824463,238.42552185058594,51.06683349609375,2.0408530235290527,95.4035415649414,46.40182113647461,0.26291200518608093,1.7296680212020874
2021-11-15,63557.87109375,4557.50390625,1.1713709831237793,237.55360412597656,48.050052642822266,2.015587091445923,93.55023193359375,44.688716888427734,0.2565290033817291,1.6917239427566528
2021-11-16,60161.24609375,4216.365234375,1.0909340381622314,219.23902893066406,43.249454498291016,1.8772350549697876,97.97557067871094,40.899314880371094,0.2372490018606186,1.5629819631576538
2021-11-17,60368.01171875,4287.59375,1.096290946006775,218.71524047851562,43.14719772338867,1.875540018081665,107.80207824707031,42.70829391479492,0.23748700320720673,1.6347359418869019
2021-11-18,56942.13671875,4000.65087890625,1.0419540405273438,195.48741149902344,40.28295135498047,1.7883310317993164,100.25276947021484,39.04596710205078,0.2213830053806305,1.4982490539550781
2021-11-19,58119.578125,4298.306640625,1.0914920568466187,215.28001403808594,42.42362594604492,1.8647929430007935,112.0235595703125,41.26102066040039,0.2331099957227707,1.6179649829864502
2021-11-20,59697.1953125,4409.93115234375,1.0976459980010986,218.01527404785156,45.116519927978516,1.9217360019683838,125.7706298828125,42.060428619384766,0.233024001121521,1.6646909713745117
2021-11-21,58730.4765625,4269.73291015625,1.0601730346679688,231.28262329101562,43.60243225097656,1.8397630453109741,128.59982299804688,42.005706787109375,0.22632800042629242,1.6024030447006226
2021-11-22,56289.2890625,4088.457763671875,1.0366220474243164,215.73727416992188,41.073829650878906,1.7765549421310425,134.53103637695312,39.447872161865234,0.21967600286006927,1.558411955833435
2021-11-23,57569.07421875,4340.763671875,1.0670570135116577,221.83689880371094,42.6877326965332,1.7505029439926147,123.83104705810547,40.79104232788086,0.22651199996471405,1.7532110214233398
2021-11-24,56280.42578125,4239.9814453125,1.0420750379562378,214.92153930664062,41.357120513916016,1.6864229440689087,120.22818756103516,39.36941909790039,0.2218250036239624,1.680279016494751
2021-11-25,57274.6796875,4274.7431640625,1.0318880081176758,206.25299072265625,40.04566192626953,1.6513450145721436,122.64852905273438,38.45594787597656,0.21632599830627441,1.7870880365371704
2021-11-26,53569.765625,4030.908935546875,0.9363499879837036,191.51174926757812,40.76668930053711,1.5284199714660645,103.82958221435547,34.38590621948242,0.20088699460029602,1.6318609714508057
2021-11-27,54815.078125,4096.912109375,0.9471579790115356,193.10215759277344,43.894065856933594,1.5461180210113525,113.27664947509766,35.18669891357422,0.2053470015525818,1.6140400171279907
2021-11-28,57248.45703125,4294.45361328125,0.9687510132789612,200.67665100097656,50.09679412841797,1.5928549766540527,110.58901977539062,35.76512145996094,0.20747199654579163,1.6518399715423584
2021-11-29,57806.56640625,4445.10498046875,0.9919610023498535,204.31936645507812,51.70349884033203,1.6025079488754272,120.25830078125,37.162654876708984,0.21517500281333923,1.8178249597549438
2021-11-30,57005.42578125,4631.47900390625,0.9987540245056152,208.67098999023438,59.718265533447266,1.5549030303955078,120.34369659423828,37.96049499511719,0.21471500396728516,1.785351037979126
2021-12-01,57229.828125,4586.990234375,0.9909300208091736,229.7992401123047,64.2315444946289,1.547713041305542,119.75084686279297,36.77326583862305,0.20948700606822968,2.008297920227051
2021-12-02,56477.81640625,4511.30224609375,0.9723119735717773,233.9930419921875,66.18440246582031,1.715366005897522,107.86654663085938,35.75789260864258,0.2097260057926178,2.1272881031036377
2021-12-03,53598.24609375,4220.7060546875,0.9222440123558044,211.22439575195312,63.33518981933594,1.5565550327301025,108.13784790039062,33.639530181884766,0.19999299943447113,2.2680299282073975
2021-12-04,49200.703125,4119.58740234375,0.8470289707183838,201.1248321533203,75.55643463134766,1.420706033706665,92.88023376464844,29.368837356567383,0.17885300517082214,1.9803060293197632
2021-12-05,49368.84765625,4198.32275390625,0.8055949807167053,196.1682586669922,68.10562133789062,1.3781050443649292,85.79002380371094,28.310138702392578,0.17125500738620758,2.0456020832061768
2021-12-06,50582.625,4358.7373046875,0.8282880187034607,194.19921875,67.28588104248047,1.425392985343933,93.31929779052734,28.249523162841797,0.17839999496936798,2.2797110080718994
2021-12-07,50700.0859375,4315.0615234375,0.8185880184173584,190.59690856933594,68.98436737060547,1.3819409608840942,89.95217895507812,30.543865203857422,0.17680500447750092,2.366476058959961
2021-12-08,50504.796875,4439.35791015625,0.863306999206543,194.6217041015625,75.03765869140625,1.3970739841461182,93.22105407714844,29.870498657226562,0.1791509985923767,2.4187300205230713
2021-12-09,47672.12109375,4119.81591796875,0.8612719774246216,181.17808532714844,66.47657012939453,1.2904399633407593,85.4617691040039,26.951921463012695,0.1694840043783188,2.090277910232544
2021-12-10,47243.3046875,3908.49609375,0.8010969758033752,167.954833984375,60.93069839477539,1.2116889953613281,80.73967742919922,26.453914642333984,0.16442200541496277,2.0976738929748535
2021-12-11,49362.5078125,4084.452392578125,0.8393129706382751,171.94949340820312,59.98435974121094,1.354248046875,86.39281463623047,27.774728775024414,0.16901899874210358,2.1325159072875977
2021-12-12,50098.3359375,4134.453125,0.841323971748352,173.43167114257812,61.91944885253906,1.3472820520401,88.10911560058594,29.608980178833008,0.16989099979400635,2.086988925933838
2021-12-13,46737.48046875,3784.226806640625,0.7828940153121948,155.2130584716797,52.74578857421875,1.2253479957580566,79.14962768554688,25.971105575561523,0.15756499767303467,1.8202769756317139
2021-12-14,46612.6328125,3745.4404296875,0.7962489724159241,153.34144592285156,57.27733612060547,1.2228349447250366,87.31190490722656,26.168418884277344,0.18015700578689575,1.8027689456939697
2021-12-15,48896.72265625,4018.388671875,0.8274310231208801,178.34078979492188,61.52701950073242,1.3118469715118408,101.18144989013672,27.14575958251953,0.18108199536800385,2.1220600605010986
2021-12-16,47665.42578125,3962.4697265625,0.8062300086021423,176.9546661376953,64.32296752929688,1.2405339479446411,98.40188598632812,26.04307746887207,0.17345400154590607,2.0726890563964844
2021-12-17,46202.14453125,3879.486572265625,0.7992910146713257,175.5032958984375,65.7126693725586,1.2198920249938965,111.0087661743164,24.663026809692383,0.1690099984407425,2.128067970275879
2021-12-18,46848.77734375,3960.860107421875,0.8273789882659912,182.8351287841797,73.99593353271484,1.2425340414047241,116.0168685913086,25.49075698852539,0.17239999771118164,2.231473922729492
2021-12-19,46707.015625,3922.592529296875,0.8350329995155334,180.09805297851562,78.22594451904297,1.2446609735488892,107.67378234863281,24.791400909423828,0.1695760041475296,2.222235918045044
2021-12-20,46880.27734375,3933.844482421875,0.8798279762268066,173.67178344726562,82.06681060791016,1.2382400035858154,113.40851593017578,24.050674438476562,0.16732199490070343,2.127742052078247
2021-12-21,48936.61328125,4020.260009765625,0.9476460218429565,180.09254455566406,87.45062255859375,1.2808589935302734,123.33294677734375,25.194194793701172,0.1711750030517578,2.3759849071502686
2021-12-22,48628.51171875,3982.099609375,0.9546989798545837,178.5971221923828,85.47557830810547,1.3280409574508667,116.47735595703125,27.216073989868164,0.17321400344371796,2.501101016998291
2021-12-23,50784.5390625,4108.015625,0.9932850003242493,190.03631591796875,93.85430145263672,1.4746910333633423,121.20996856689453,29.111093521118164,0.18448999524116516,2.6791629791259766
2021-12-24,50822.1953125,4047.98291015625,0.9120470285415649,190.273193359375,95.97220611572266,1.3923670053482056,114.97645568847656,28.139497756958008,0.1866219937801361,2.467272996902466
2021-12-25,50429.859375,4093.281005859375,0.9248189926147461,193.1209259033203,98.18426513671875,1.4534950256347656,115.03192901611328,28.837757110595703,0.19065700471401215,2.6368279457092285
2021-12-26,50809.515625,4067.328125,0.921180009841919,198.000732421875,99.72032165527344,1.4560450315475464,115.21482849121094,31.332836151123047,0.19001999497413635,2.8767569065093994
2021-12-27,50640.41796875,4037.547607421875,0.9261839985847473,195.42950439453125,90.80049896240234,1.5129129886627197,113.59861755371094,30.908672332763672,0.18770499527454376,2.725954055786133
2021-12-28,47588.85546875,3800.89306640625,0.8529599905014038,177.42562866210938,85.36834716796875,1.4022639989852905,107.21561431884766,27.907102584838867,0.17411699891090393,2.4982059001922607
2021-12-29,46444.7109375,3628.53173828125,0.8167139887809753,170.65756225585938,84.05933380126953,1.330814003944397,102.99812316894531,26.744373321533203,0.16776500642299652,2.470005989074707
2021-12-30,47178.125,3713.85205078125,0.8396490216255188,172.75119018554688,84.71186828613281,1.360414981842041,101.92827606201172,27.56778907775879,0.17131300270557404,2.557750940322876
2021-12-31,46306.4453125,3682.6328125,0.8311629891395569,170.299072265625,85.47254180908203,1.310209035873413,109.2704849243164,26.719675064086914,0.17049600183963776,2.527107000350952
2022-01-01,47686.8125,3769.697021484375,0.8494719862937927,178.5179443359375,91.36058807373047,1.3769750595092773,114.15801239013672,28.583581924438477,0.17303499579429626,2.5747909545898438
2022-01-02,47345.21875,3829.56494140625,0.8591179847717285,176.38284301757812,89.37167358398438,1.3775839805603027,113.18633270263672,29.73116683959961,0.17440299689769745,2.549190044403076
2022-01-03,46458.1171875,3761.38037109375,0.8328850269317627,170.29774475097656,88.74869537353516,1.3216370344161987,108.14521026611328,30.105100631713867,0.170087993144989,2.432651996612549
2022-01-04,45897.57421875,3794.056640625,0.8246729969978333,167.93890380859375,84.58108520507812,1.3116580247879028,103.23924255371094,28.77773094177246,0.16880300641059875,2.367248058319092
2022-01-05,43569.00390625,3550.386962890625,0.7743579745292664,155.0997314453125,78.59379577636719,1.236001968383789,97.85257720947266,,0.15941999852657318,2.1954751014709473
2022-01-06,43160.9296875,3418.408203125,0.7813460230827332,150.4313507080078,78.44001770019531,1.2797820568084717,95.19853973388672,,0.16021299362182617,2.2507801055908203
2022-01-07,41557.90234375,3193.21044921875,0.7630739808082581,136.40281677246094,68.67045593261719,1.2115470170974731,86.76771545410156,,0.155022993683815,2.053826093673706
2022-01-08,41733.94140625,3091.97265625,0.7476879954338074,142.51345825195312,66.93211364746094,1.1875120401382446,84.05683898925781,,0.15195399522781372,1.995859980583191
2022-01-09,41911.6015625,3157.75146484375,0.7545049786567688,140.83900451660156,74.47528076171875,1.17385995388031,89.20655822753906,,0.15106500685214996,2.115518093109131
2022-01-10,41821.26171875,3083.097900390625,0.7393350005149841,135.95494079589844,69.45121765136719,1.128051996231079,84.5326156616211,,0.1433590054512024,2.0718019008636475
2022-01-11,42735.85546875,3238.111572265625,0.7705540060997009,140.18385314941406,73.67230224609375,1.1851099729537964,89.50181579589844,,0.1533990055322647,2.356945037841797
2022-01-12,43949.1015625,3372.25830078125,0.7995479702949524,151.70310974121094,82.06974029541016,1.3045350313186646,95.8235092163086,27.319494247436523,0.16165199875831604,2.3925909996032715
2022-01-13,42591.5703125,3248.28857421875,0.7683280110359192,146.01004028320312,77.99846649169922,1.2331609725952148,89.40788269042969,25.828889846801758,0.17204299569129944,2.263317108154297
2022-01-14,43099.69921875,3310.00146484375,0.7742969989776611,146.15902709960938,81.62682342529297,1.2909259796142578,90.34053039550781,27.71286392211914,0.18354900181293488,2.3377270698547363
2022-01-15,43177.3984375,3330.53076171875,0.7814229726791382,147.80117797851562,87.57449340820312,1.2962629795074463,93.3158187866211,27.736833572387695,0.18510299921035767,2.3536930084228516
2022-01-16,43113.87890625,3350.921875,0.778954029083252,147.8565216064453,86.95586395263672,1.407251000404358,92.23979949951172,27.665128707885742,0.17717599868774414,2.329822063446045
2022-01-17,42250.55078125,3212.304931640625,0.7627419829368591,139.92601013183594,77.18221282958984,1.5941309928894043,86.75066375732422,25.727352142333984,0.1711450070142746,2.2219700813293457
2022-01-18,42375.6328125,3164.025146484375,0.7526310086250305,141.58718872070312,80.57392883300781,1.4655410051345825,86.01341247558594,,0.16548499464988708,2.128438949584961
2022-01-19,41744.328125,3095.825927734375,0.739749014377594,135.79238891601562,81.25154113769531,1.34175705909729,82.90330505371094,24.129552841186523,0.16235600411891937,2.035978078842163
2022-01-20,40680.41796875,3001.1201171875,0.7194210290908813,127.20528411865234,76.99168395996094,1.2580549716949463,79.0684585571289,22.984886169433594,0.15520399808883667,1.960373044013977
2022-01-21,36457.31640625,2557.931640625,0.6357380151748657,111.96605682373047,64.8368148803711,1.1232329607009888,65.92256164550781,19.64629364013672,0.14263999462127686,1.698989987373352
2022-01-22,35030.25,2405.18115234375,0.5960419774055481,94.1783676147461,62.57439041137695,1.066715955734253,59.72904968261719,18.229856491088867,0.13289199769496918,1.530622959136963
2022-01-23,36276.8046875,2535.0390625,0.6287559866905212,99.5782241821289,69.78861999511719,1.122370958328247,64.72541046142578,18.82877540588379,0.14186300337314606,1.6162480115890503
2022-01-24,36654.328125,2440.352294921875,0.6121389865875244,91.65016174316406,65.96871948242188,1.0665980577468872,62.87763214111328,18.0367488861084,0.1377979964017868,1.5075730085372925
2022-01-25,36954.00390625,2455.93505859375,0.617563009262085,94.72035217285156,62.82832336425781,1.0435739755630493,67.90058898925781,18.34864616394043,0.14304900169372559,1.5585379600524902
2022-01-26,36852.12109375,2468.0302734375,0.6220719814300537,92.23804473876953,58.84199142456055,1.0790469646453857,65.99578857421875,18.076839447021484,0.14378899335861206,1.5910550355911255
2022-01-27,37138.234375,2423.001220703125,0.6087700128555298,89.63249206542969,54.32353973388672,1.0435329675674438,64.69680786132812,,0.1412470042705536,1.591683030128479
2022-01-28,37784.33203125,2547.092041015625,0.6125119924545288,91.31289672851562,50.599449157714844,1.0506060123443604,67.12731170654297,,0.14165599644184113,1.679216980934143
2022-01-29,38138.1796875,2597.084716796875,0.6169350147247314,96.2234878540039,50.79475402832031,1.0595699548721313,72.12027740478516,,0.1430560052394867,1.694964051246643
2022-01-30,37917.6015625,2603.466552734375,0.603181004524231,93.29767608642578,46.27341842651367,1.0374729633331299,67.97378540039062,18.172527313232422,0.13947099447250366,1.605329990386963
2022-01-31,38483.125,2688.27880859375,0.6191490292549133,99.73883819580078,52.34278869628906,1.0523029565811157,69.99242401123047,19.42054557800293,0.1418049931526184,1.6439210176467896
2022-02-01,38743.2734375,2792.1171875,0.6292330026626587,109.9789810180664,52.023433685302734,1.0886240005493164,73.44881439208984,19.61420440673828,0.14263099431991577,1.6475930213928223
2022-02-02,36952.984375,2682.85400390625,0.6014829874038696,101.83760070800781,47.56795883178711,1.028905987739563,67.87997436523438,18.796897888183594,0.13723500072956085,1.5418850183486938
2022-02-03,37154.6015625,2679.16259765625,0.6076840162277222,101.45903778076172,51.03108596801758,1.0564440488815308,68.10771942138672,18.81250762939453,0.1375409960746765,1.550246000289917
2022-02-04,41500.875,2983.5869140625,0.6558769941329956,112.17424774169922,53.89113235473633,1.1356240510940552,77.31163787841797,20.424663543701172,0.14750300347805023,1.6908299922943115
2022-02-05,41441.1640625,3014.648193359375,0.6671270132064819,113.89430236816406,55.37480545043945,1.1273449659347534,77.2494888305664,21.366989135742188,0.1471409946680069,1.714359998703003
2022-02-06,42412.43359375,3057.47607421875,0.6836469769477844,115.29975891113281,56.10227966308594,1.1445469856262207,78.75726318359375,21.903335571289062,0.15376999974250793,1.7399510145187378
2022-02-07,43840.28515625,3142.470703125,0.8278189897537231,117.35514831542969,59.46963119506836,1.1973069906234741,83.16699981689453,,0.1655779927968979,2.019141912460327
2022-02-08,44118.4453125,3122.608642578125,0.8781939744949341,113.5954818725586,57.294227600097656,1.1787199974060059,86.62419891357422,,0.15840500593185425,1.9486140012741089
2022-02-09,44338.796875,3239.45703125,0.8706269860267639,114.01937866210938,57.28968048095703,1.1948100328445435,90.02086639404297,,0.1591230034828186,2.0427680015563965
2022-02-10,43565.11328125,3077.482177734375,0.8300099968910217,106.20280456542969,52.17426300048828,1.1524779796600342,91.13622283935547,,0.15188899636268616,1.8958829641342163
2022-02-11,42407.9375,2927.383544921875,0.7602260112762451,96.38188171386719,50.38846969604492,1.080346941947937,81.73299407958984,,0.14484700560569763,1.7146209478378296
2022-02-12,42244.46875,2917.36279296875,0.8224080204963684,95.91820526123047,52.0026969909668,1.0581990480422974,81.24567413330078,,0.14440500736236572,1.6995110511779785
2022-02-13,42197.515625,2883.46337890625,0.8102729916572571,93.24410247802734,51.794986724853516,1.0458190441131592,78.24311828613281,,0.14894799888134003,1.6700210571289062
2022-02-14,42586.91796875,2933.47900390625,0.8022180199623108,96.43327331542969,53.84971237182617,1.050266981124878,82.01966857910156,,0.14600299298763275,1.658877968788147
2022-02-15,44575.203125,3179.877197265625,0.8523330092430115,104.87330627441406,56.805389404296875,1.1075860261917114,92.67250061035156,,0.151760995388031,1.8628549575805664
2022-02-16,43961.859375,3127.830078125,0.8390359878540039,101.93289947509766,56.0555305480957,1.0849809646606445,95.34611511230469,,0.14909499883651733,1.8385260105133057
2022-02-17,40538.01171875,2881.48193359375,0.7671729922294617,93.4104232788086,50.254268646240234,1.0198949575424194,88.12377166748047,,0.1385519951581955,1.6568700075149536
2022-02-18,40030.9765625,2785.7275390625,0.7858899831771851,90.06546020507812,50.72645568847656,0.9971129894256592,83.83697509765625,,0.1387680023908615,1.5955140590667725
2022-02-19,40122.15625,2763.701171875,0.8225280046463013,91.49665069580078,50.432464599609375,0.9977030158042908,85.09931945800781,,0.14120599627494812,1.6318349838256836
2022-02-20,38431.37890625,2628.6484375,0.7782959938049316,90.90141296386719,49.364559173583984,0.9329019784927368,77.33678436279297,,0.13686800003051758,1.515848994255066
2022-02-21,37075.28125,2573.816162109375,0.70346599817276,83.12316131591797,50.176692962646484,0.8582360148429871,69.98892974853516,,0.12849000096321106,1.4087870121002197
2022-02-22,38286.02734375,2639.29931640625,0.722832977771759,86.46538543701172,54.78455352783203,0.8890169858932495,74.57435607910156,,0.13155299425125122,1.4644759893417358
2022-02-23,37296.5703125,2590.359619140625,0.6987460255622864,84.90278625488281,59.6512565612793,0.8691689968109131,73.6986312866211,,0.12784600257873535,1.4423739910125732
2022-02-24,38332.609375,2598.067138671875,0.6962720155715942,89.19474792480469,65.39000701904297,0.8534250259399414,76.52396392822266,,0.12381300330162048,1.439592957496643
2022-02-25,39214.21875,2764.53564453125,0.7689030170440674,92.59882354736328,73.17276000976562,0.8980270028114319,80.8326187133789,,0.12757599353790283,1.5506500005722046
2022-02-26,39105.1484375,2781.11181640625,0.7509729862213135,90.14156341552734,78.07948303222656,0.8879179954528809,81.87970733642578,,0.12764699757099152,1.5152939558029175
2022-02-27,37709.78515625,2621.8017578125,0.721992015838623,85.51905059814453,72.6421127319336,0.858335018157959,74.9911880493164,,0.12311100214719772,1.4530019760131836
2022-02-28,43193.234375,2919.201171875,0.782043993473053,99.52034759521484,91.13858795166016,0.9598280191421509,84.3392333984375,,0.13315600156784058,1.6111910343170166
2022-03-01,44354.63671875,2972.485107421875,0.7848619818687439,98.65355682373047,89.53575897216797,0.9623460173606873,86.73593139648438,,0.1339379996061325,1.621351957321167
2022-03-02,43924.1171875,2950.118408203125,0.7684959769248962,100.6496353149414,92.1105728149414,0.9386619925498962,83.29166412353516,,0.1329900026321411,1.6352449655532837
2022-03-03,42451.7890625,2834.468994140625,0.7521849870681763,95.53919982910156,90.31405639648438,0.902658998966217,78.55764770507812,,0.12961000204086304,1.5844130516052246
2022-03-04,39137.60546875,2617.156005859375,0.7126719951629639,88.24597930908203,83.27303314208984,0.8428890109062195,75.65424346923828,16.757080078125,0.12259099632501602,1.4749460220336914
2022-03-05,39400.5859375,2664.8310546875,0.7548999786376953,89.64784240722656,87.40906524658203,0.8656719923019409,76.72742462158203,17.312721252441406,0.12499599903821945,1.5082659721374512
2022-03-06,38419.984375,2555.037353515625,0.7259939908981323,84.54218292236328,79.11576843261719,0.8237519860267639,72.52902221679688,16.978824615478516,0.12076599895954132,1.4366979598999023
2022-03-07,38062.0390625,2497.771240234375,0.7232869863510132,82.13006591796875,77.9427490234375,0.7973790168762207,71.88053894042969,16.431495666503906,0.11710499972105026,1.416363000869751
2022-03-08,38737.26953125,2576.74755859375,0.7209770083427429,82.2547607421875,85.49871063232422,0.8012499809265137,72.9183578491211,16.953651428222656,0.11702899634838104,1.4452840089797974
2022-03-09,41982.92578125,2729.783447265625,0.7672359943389893,88.20206451416016,99.44818115234375,0.8492929935455322,77.71604919433594,17.866676330566406,0.12158799916505814,1.5068169832229614
2022-03-10,39437.4609375,2608.048583984375,0.7374650239944458,82.9390869140625,101.58800506591797,0.8063160181045532,74.00409698486328,,0.1168849989771843,1.4391969442367554
2022-03-11,38794.97265625,2559.56298828125,0.8021550178527832,80.7449951171875,88.21884155273438,0.7901250123977661,71.2354736328125,,0.11560200154781342,1.4065040349960327
2022-03-12,38904.01171875,2574.754150390625,0.7865869998931885,81.55381774902344,86.1397933959961,0.7906739711761475,71.002197265625,,0.11513599753379822,1.3994849920272827
2022-03-13,37849.6640625,2518.944580078125,0.7613509893417358,78.93607330322266,87.61781311035156,0.7909950017929077,68.07599639892578,,0.11160799860954285,1.362876057624817
2022-03-14,39666.75390625,2590.696044921875,0.7746559977531433,81.17333984375,94.85292053222656,0.8039169907569885,68.89183807373047,17.695951461791992,0.11404799669981003,1.3778990507125854
2022-03-15,39338.78515625,2620.149658203125,0.7667829990386963,82.95508575439453,88.6347885131836,0.8000059723854065,69.88738250732422,17.828996658325195,0.1127839982509613,1.38019597530365
2022-03-16,41143.9296875,2772.0556640625,0.793537974357605,87.90362548828125,89.27804565429688,0.8383740186691284,74.18374633789062,19.053367614746094,0.116907998919487,1.4683589935302734
2022-03-17,40951.37890625,2814.8544921875,0.7935029864311218,87.87684631347656,86.91046142578125,0.8367840051651001,79.53851318359375,18.751731872558594,0.11650200188159943,1.449110984802246
2022-03-18,41801.15625,2945.343017578125,0.7982659935951233,89.82203674316406,88.6089096069336,0.8534330129623413,85.76238250732422,18.991891860961914,0.11930599808692932,1.499554991722107
2022-03-19,42190.65234375,2946.257080078125,0.8193730115890503,92.41815185546875,92.10293579101562,0.9010990262031555,89.69412231445312,19.35950469970703,0.12356899678707123,1.5280710458755493
2022-03-20,41247.82421875,2860.459228515625,0.8061209917068481,88.61486053466797,90.53227996826172,0.8770920038223267,84.72430419921875,18.638643264770508,0.11915399879217148,1.4639190435409546
2022-03-21,41077.99609375,2897.9765625,0.8381519913673401,88.7572021484375,95.94874572753906,0.916782021522522,86.44969940185547,18.795270919799805,0.1193389967083931,1.466493010520935
2022-03-22,42358.80859375,2973.131103515625,0.8370969891548157,90.51296997070312,93.00252532958984,0.9764400124549866,83.9814453125,20.252199172973633,0.12248100340366364,1.5054479837417603
2022-03-23,42892.95703125,3031.067138671875,0.8378869891166687,95.1026840209961,94.92491912841797,1.1074819564819336,86.25101470947266,,0.12972700595855713,1.5563030242919922
2022-03-24,43960.93359375,3108.06201171875,0.8429679870605469,102.22369384765625,93.86201477050781,1.130010962486267,87.55538940429688,,0.13654999434947968,1.6287649869918823
2022-03-25,44348.73046875,3106.67138671875,0.8251270055770874,98.6581039428711,90.41889953613281,1.0978879928588867,83.66136932373047,,0.13101300597190857,1.5795730352401733
2022-03-26,44500.828125,3143.178955078125,0.8327720165252686,101.7641830444336,91.3879165649414,1.1505939960479736,85.95565032958984,,0.13586799800395966,1.6108030080795288
2022-03-27,46820.4921875,3291.57763671875,0.8573430180549622,107.08422088623047,94.15154266357422,1.1821479797363281,89.82484436035156,,0.14473199844360352,1.6934809684753418
2022-03-28,47128.00390625,3336.634521484375,0.8633040189743042,106.46525573730469,97.3284683227539,1.1701840162277222,89.60455322265625,,0.14265699684619904,1.6603870391845703
2022-03-29,47465.73046875,3401.98779296875,0.8579999804496765,111.71031188964844,108.9884262084961,1.1911120414733887,92.84088897705078,,0.1444700062274933,1.6747870445251465
2022-03-30,47062.6640625,3385.157958984375,0.8608139753341675,120.6994857788086,106.01579284667969,1.1903849840164185,95.77998352050781,,0.14320999383926392,1.6846189498901367
2022-03-31,45538.67578125,3281.642822265625,0.8145639896392822,122.66146087646484,103.01138305664062,1.1418509483337402,96.9246597290039,,0.13782599568367004,1.617285966873169
2022-04-01,46281.64453125,3449.55224609375,0.8277400135993958,134.43093872070312,105.7753677368164,1.1654249429702759,96.69318389892578,,0.14131499826908112,1.6939140558242798
2022-04-02,45868.94921875,3445.059326171875,0.8249189853668213,132.19886779785156,115.19041442871094,1.1560070514678955,95.9732666015625,,0.13891300559043884,1.6540249586105347
2022-04-03,46453.56640625,3522.83349609375,0.8429499864578247,136.77532958984375,113.06985473632812,1.1859409809112549,98.0777816772461,,0.14645299315452576,1.6888099908828735
2022-04-04,46622.67578125,3521.2412109375,0.8272510170936584,132.41262817382812,116.40892028808594,1.2129449844360352,95.52021789550781,,0.14859099686145782,1.6499179601669312
2022-04-05,45555.9921875,3411.79248046875,0.8176419734954834,126.86223602294922,116.11331176757812,1.170801043510437,91.0210952758789,,0.1729069948196411,1.5929210186004639
2022-04-06,43206.73828125,3171.69189453125,0.7613139748573303,112.88338470458984,107.87109375,1.052770972251892,82.9559097290039,,0.14341700077056885,1.4587470293045044
2022-04-07,43503.84765625,3233.274658203125,0.7879999876022339,118.79651641845703,103.55706787109375,1.0918940305709839,87.91970825195312,,0.14610199630260468,1.5140539407730103
2022-04-08,42287.6640625,3192.073974609375,0.7540559768676758,109.8008804321289,94.57099151611328,1.0263259410858154,83.76922607421875,,0.14254899322986603,1.4357019662857056
2022-04-09,42782.13671875,3261.916259765625,0.7635849714279175,112.97279357910156,97.41673278808594,1.0450149774551392,84.5946273803711,,0.14430299401283264,1.4643219709396362
2022-04-10,42207.671875,3211.866943359375,0.7566140294075012,111.74243927001953,92.57853698730469,1.0308849811553955,81.81646728515625,,0.14953500032424927,1.4334650039672852
2022-04-11,39521.90234375,2981.05224609375,0.6950230002403259,99.33910369873047,82.39298248291016,0.92044997215271,74.17261505126953,,0.1346540004014969,1.3331739902496338
2022-04-12,40127.18359375,3030.37646484375,0.7166140079498291,103.30638885498047,84.4989242553711,0.955145001411438,76.36006164550781,,0.13807600736618042,1.3928680419921875
2022-04-13,41166.73046875,3118.34423828125,0.7238500118255615,105.00194549560547,87.6440658569336,0.9746959805488586,80.0019760131836,,0.14008000493049622,1.420106053352356
2022-04-14,39935.515625,3019.909423828125,0.7268189787864685,100.70780181884766,81.64793395996094,0.9324120283126831,76.81785583496094,,0.14392000436782837,1.3726409673690796
2022-04-15,40553.46484375,3040.91650390625,0.7856749892234802,101.30977630615234,80.35179901123047,0.9547169804573059,77.43753814697266,,0.14602600038051605,1.396420955657959
2022-04-16,40424.484375,3062.310302734375,0.781840980052948,102.25731658935547,81.01432800292969,0.9526399970054626,77.89026641845703,,0.14371199905872345,1.3909319639205933
2022-04-17,39716.953125,2993.4033203125,0.7531539797782898,100.40969848632812,77.42713928222656,0.9174659848213196,75.70925903320312,,0.13945899903774261,1.3400739431381226
2022-04-18,40826.21484375,3057.606689453125,0.7680169939994812,102.15853118896484,91.07435607910156,0.9367300271987915,77.7936782836914,,0.14028599858283997,1.4211549758911133
2022-04-19,41502.75,3104.1064453125,0.7750629782676697,108.58203125,95.61550903320312,0.9533330202102661,80.28591918945312,,0.14266499876976013,1.4281760454177856
2022-04-20,41374.37890625,3077.745849609375,0.7521780133247375,105.49700164794922,94.95568084716797,0.9373409748077393,78.27433013916016,,0.14087800681591034,1.4177440404891968
2022-04-21,40527.36328125,2987.480712890625,0.7331780195236206,101.77613830566406,90.79915618896484,0.9104740023612976,75.08074188232422,,0.13636499643325806,1.3798619508743286
2022-04-22,39740.3203125,2964.835693359375,0.7191939949989319,100.61205291748047,93.68228912353516,0.9071540236473083,74.12296295166016,,0.13639500737190247,1.3991390466690063
2022-04-23,39486.73046875,2938.114013671875,0.707705020904541,100.74443817138672,89.53475189208984,0.8885030150413513,72.92001342773438,,0.1342409998178482,1.3659709692001343
2022-04-24,39469.29296875,2922.732666015625,0.6987389922142029,99.23579406738281,90.56023406982422,0.8863499760627747,71.60303497314453,,0.13194699585437775,1.3442449569702148
2022-04-25,40458.30859375,3009.3935546875,0.6944260001182556,101.24763488769531,97.03572845458984,0.8986949920654297,72.86742401123047,,0.1579589992761612,1.3526660203933716
2022-04-26,38117.4609375,2808.29833984375,0.6416990160942078,95.78215026855469,88.55046844482422,0.8276450037956238,68.67205810546875,,0.1377670019865036,1.2428330183029175
2022-04-27,39241.12109375,2888.9296875,0.652318000793457,98.37886810302734,89.0901107788086,0.840595006942749,69.85772705078125,16.948017120361328,0.1396999955177307,1.2576849460601807
2022-04-28,39773.828125,2936.94091796875,0.6443629860877991,98.18572998046875,88.96168518066406,0.8439499735832214,67.31945037841797,16.99651336669922,0.137363001704216,1.2389039993286133
2022-04-29,38609.82421875,2815.601806640625,0.6114069819450378,94.01134490966797,85.11630249023438,0.8050429821014404,63.41709518432617,16.162790298461914,0.13502700626850128,1.1405789852142334
2022-04-30,37714.875,2730.186767578125,0.5870910286903381,85.09593200683594,78.3440933227539,0.756659984588623,57.048004150390625,14.519939422607422,0.12755699455738068,1.0357500314712524
